Quest_Identification;Date;Respondent;Age;Gender;Professional_Cat;YearOfCompl;AcademicTraining;MaritageSituation;NumberChildrenResponsibleFor;YearsWorkedToDate;FHEMIG_Unit;Profession;YearsWorked_FHEMIG;YearsWorketCurrentJob;Current_Job;EmploymentContract;TypeOfContract;NumberHoursPerWeekForWork;MonthlySalaryRange;HasEconomicDifficultiesEndOfMonth;Absent_From_Work;NumberDaysAbsent;Frontline_COVID_19;B12_01;B12_02;B12_03;B12_04;B12_05;B12_06;B12_07;B12_08;B12_09;B12_10;B12_11;B12_12;MBI_01;MBI_02;MBI_03;MBI_04;MBI_05;MBI_06;MBI_07;MBI_08;MBI_09;MBI_10;MBI_11;MBI_12;MBI_13;MBI_14;MBI_15;MBI_16;HR_01;HR_02;HR_03;HR_04;HR_05;HR_06;HR_07;HR_08;HR_09;HR_10;HR_11;HR_12;HR_13;HR_14;HR_15;HR_16;HR_17;HR_18;HR_19;HR_20;HR_21;HR_22;HR_23;HR_24;HR_25;HR_26;HR_27;HR_28;HR_29;HR_30;HR_31;HR_32;HR_33;HR_34;HR_35;HR_36;HR_37;HR_38;HR_39;HR_40;HR_41;HR_42;HR_43;Sum_HR;Observations;Prob_MBI;Range_Years;Range_Ages;Range_Years_Worked;Range_Years_FHEMIG;Range_Years_Current_Job;Negligence_dimension;Lack_Of_Meaning_dimension;Overload_dimension;ScoreBurnout;ScoreBurn_Sum;Equal_Greater_Median;Equal_Greater_SB_Fact
1;4/27/2021;R1;32;2;3;2012;2;1;1;8;19;Enfermeira;3;3;OPO;1;2;40;2;4;2;0;2;3;3;3;3;3;3;3;3;3;3;5;3;5;5;4;3;6;4;6;0;1;6;4;4;0;0;0;6;0;0;0;0;1;1;0;0;0;0;1;1;1;1;1;1;0;1;1;1;1;0;0;0;1;1;1;0;1;1;1;0;0;1;1;1;1;1;0;1;0;0;1;25; ;0;3;2;2;2;2;-1,129;-1,112;-,154;-29,048;38;1;0
2;4/27/2021;R2;44;1;4;2004;3;1;1;17;16;Médico pediatra;10;10;Médico plantonista pediatria;3;1;48;5;3;1;25;1;5;5;3;3;3;3;3;3;3;3;3;3;5;3;1;1;5;1;5;0;1;5;5;3;1;2;3;5;0;0;0;0;0;0;0;0;0;0;0;1;0;1;0;0;0;0;0;1;0;0;0;0;0;0;0;0;0;0;0;0;0;0;0;0;1;0;0;0;0;0;0;4; ;0;2;3;4;3;3;-,83;-,764;-,263;-24,338;40;1;0
4;4/27/2021;R3;35;1;3;2009;1;1;3;13;12;Enfermeiro;6;1;Referência Técnica em Enfermagem;3;1;40;2;2;1;10;1;7;1;1;7;5;1;7;5;1;5;7;1;6;6;6;5;5;6;2;0;4;3;4;4;0;0;0;5;0;0;0;0;0;0;0;0;0;0;0;0;0;0;0;0;0;1;0;0;0;1;0;0;0;0;0;0;0;0;1;0;0;1;0;0;0;0;0;0;0;0;0;4; ;0;2;2;3;3;1;-2,285;-,729;,634;-3,052;48;1;0
6;4/27/2021;R4;37;2;3;2008;2;2;2;11;16;ENFERMEIRA;6;1;CTI ADULTO;3;2;40;3;3;1;21;1;6;1;1;1;1;4;6;1;2;2;4;3;5;5;5;3;4;4;3;1;3;5;4;3;1;1;1;4;0;1;1;0;0;0;0;0;1;0;0;0;1;0;0;0;0;0;1;1;0;0;0;1;0;1;0;0;0;1;1;0;0;1;1;1;1;1;1;0;0;0;0;16; ;0;2;2;3;3;1;1,958;,187;1,366;43,737;32;0;1
7;4/27/2021;R5;48;2;3;2003;1;2;1;28;20;Técnico enfermagem;13;17;Cti neo;3;1;60;3;3;2;0;1;3;3;1;1;4;1;1;4;1;4;1;1;1;1;1;1;5;2;1;0;1;6;6;3;0;0;0;5;0;0;0;0;0;0;0;0;0;0;1;0;1;0;1;1;1;0;0;1;0;0;0;0;1;0;1;1;0;1;1;1;0;1;1;1;1;1;1;1;0;0;0;19; ;0;2;3;6;4;4;-1,778;-,701;-1,81;-28,487;25;0;0
8;4/28/2021;R6;31;2;5;2007;2;1;0;13;16;Técnico Operacional da Saúde;7;1,9;Serviço de Gestão de Pessoas;3;1;40;2;5;1;3;2;6;7;3;3;5;3;3;6;2;6;3;3;3;5;5;6;5;5;5;5;5;6;5;5;6;0;5;6;0;0;1;0;1;0;0;0;0;0;0;0;0;0;0;1;0;0;1;1;0;0;0;0;1;1;0;1;1;0;0;0;0;1;0;0;1;1;1;1;0;0;0;14; ;0;2;2;3;3;1;4,889;4,035;1,074;166,729;50;1;1
9;4/28/2021;R7;28;2;5;2014;2;1;0;7;18;Auxiliar Administrativo;7;1;Centro Cirúrgico;3;1;40;2;2;1;5;2;3;5;5;3;5;4;3;5;4;5;3;3;5;5;6;5;5;5;5;4;5;5;5;4;6;1;0;6;0;0;0;0;1;0;0;0;0;0;0;0;0;0;0;0;0;0;1;0;0;0;0;0;0;0;1;0;0;0;0;0;0;1;0;0;0;0;0;0;0;0;0;4; ;0;3;1;2;3;1;1,741;1,094;-,997;37,772;48;1;1
10;4/28/2021;R8;48;2;3;1993;1;1;1;31;11;Técnico de enfermagem;10;1;Central de Materiais Esterilizados-CME;3;1;30;2;5;1;30;2;3;3;3;1;2;2;1;2;2;2;1;2;5;5;5;6;5;4;6;6;6;6;6;5;6;0;0;5;0;0;0;0;0;0;0;0;0;0;1;0;0;0;0;1;1;1;1;1;0;1;0;0;0;0;1;1;1;1;1;1;0;1;0;1;1;1;1;1;0;0;0;19; ;0;1;3;6;3;1;,322;-,508;-1,483;-10,572;24;0;0
11;4/29/2021;R9;39;2;3;2002;1;1;1;23;14;Técnico de enfermagem;1;20;Cti;1;1;80;3;2;1;20;1;5;5;3;3;5;5;5;5;3;5;5;3;6;6;6;6;6;6;6;4;5;6;6;6;6;1;1;6;0;0;0;0;0;0;0;0;0;0;0;0;0;0;1;1;0;1;1;0;0;0;0;0;0;1;0;0;0;1;1;0;1;1;0;1;0;1;1;0;1;0;0;13; ;0;2;2;5;1;4;5,35;3,715;1,657;179,026;52;1;1
12;4/29/2021;R10;44;2;3;2007;1;1;1;14;13;Técnico de enfermagem;8;8;Unidade de internação;3;1;30;2;2;1;30;1;2;3;3;3;3;3;2;3;3;3;1;2;5;5;5;1;3;5;6;1;3;6;6;5;1;1;1;6;0;0;0;0;0;1;0;0;0;0;1;0;0;0;1;1;1;0;1;1;0;0;0;0;1;1;0;0;0;0;0;0;0;1;0;1;1;1;1;1;0;0;0;15; ;0;2;3;3;3;3;,686;-,399;-1,747;-11,218;31;0;0
13;4/29/2021;R11;37;1;5;2015;1;1;0;15;2;AUXILIAR ADMINISTRATIVO;8;8;AUXILIAR ADMINISTRATIVO;3;1;40;2;2;2;0;1;5;5;1;3;5;1;1;5;1;5;4;1;2;5;5;4;3;4;5;0;2;5;6;2;0;0;0;6;0;0;0;0;0;1;1;0;0;0;1;0;0;1;1;1;1;1;1;0;0;1;0;0;0;0;1;1;1;1;0;1;0;1;1;1;0;1;1;1;1;1;1;24; ;0;3;2;3;3;3;-3,022;-,473;-,684;-30,44;37;1;0
14;4/30/2021;R12;55;2;3;2017;2;2;1;37;3;Enfermeira;30;5;Enfermeira;3;1;6;3;2;1;15;1;3;7;3;1;1;1;3;5;2;5;1;1;5;4;6;3;6;3;6;2;2;6;6;5;5;0;0;6;0;0;0;0;0;0;0;0;0;0;1;0;1;1;0;1;0;0;0;0;0;1;1;0;1;0;0;1;1;0;1;0;0;1;1;1;0;1;1;1;1;0;0;17; ;0;3;4;6;7;2;-,314;1,323;-,925;14,216;33;0;1
15;5/1/2021;R13;44;2;5;2005;1;2;0;22;20;Técnico de patologia clínica;11;11;Agência transfusional;3;2;30;2;1;1;1;2;2;5;2;2;5;2;2;5;3;6;2;2;1;1;2;1;6;2;5;0;3;6;6;6;4;0;0;5;0;0;0;0;0;0;0;0;0;0;0;0;0;1;0;0;0;0;0;1;0;0;0;0;0;0;1;0;0;0;0;0;0;0;1;1;0;1;1;1;0;0;0;8; ;0;2;3;5;4;4;-5,313;-2,507;-2,267;-118,6;38;1;0
16;5/1/2021;R14;39;2;6;2014;2;1;1;15;16;Assistente Social;10;10;Assistente Social;3;1;40;3;2;2;0;1;7;7;5;6;5;4;6;7;4;7;5;4;6;6;6;6;4;6;5;4;6;6;6;3;6;0;0;5;0;0;0;0;0;0;0;0;1;0;1;0;1;0;1;1;0;0;1;1;0;0;0;0;0;1;0;0;1;1;1;0;0;1;1;1;0;1;1;1;0;0;0;17; ;0;3;2;3;3;3;3,437;2,971;1,107;162,243;67;1;1
17;5/1/2021;R15;36;1;5;2002;1;1;2;18;3;Administrador;11;5;Coordenação;3;1;45;3;2;2;0;2;6;5;5;3;3;4;3;6;1;6;4;5;4;5;5;0;5;5;6;0;5;6;6;6;5;0;0;5;0;0;0;0;0;0;0;0;0;0;0;0;0;0;1;1;0;1;0;1;0;1;0;0;0;0;0;1;1;1;1;0;0;1;0;0;0;0;0;0;0;0;0;10; ;0;2;2;4;4;2;18,773;11,45;4,021;574,931;51;1;1
18;5/6/2021;R16;39;2;6;2007;2;1;2;14;5;Terapeuta Ocupacional;9;9;Serviço de Prevenção de Incapacidades em Hanseníase;3;2;30;3;3;2;0;2;3;4;3;3;3;3;3;3;3;4;3;3;1;1;1;1;5;0;6;6;1;5;5;4;6;0;0;5;0;0;0;0;0;0;0;0;0;0;1;0;0;0;1;1;0;0;1;0;0;1;0;0;0;0;0;0;1;0;1;0;0;1;0;1;1;0;1;1;0;0;0;12; ;0;2;2;3;3;3;,087;-,391;-,473;-10,106;38;1;0
19;5/6/2021;R17;50;2;5;1990;2;2;0;32;6;AMDMINISTRADOR;27;24;SERVIÇO FINANCEIRO;3;1;40;3;2;2;0;2;7;5;1;6;6;1;7;6;7;5;7;1;2;3;5;6;5;6;5;5;6;6;3;5;6;0;0;5;0;0;0;0;0;0;0;0;0;0;0;0;0;0;0;1;0;0;0;0;0;1;0;0;1;0;0;0;1;1;0;0;0;1;1;1;0;1;0;1;0;1;0;11; ;0;1;3;6;7;5;-3,4064;-18,821;-6,248;-616,822;59;1;0
21;5/9/2021;R18;39;1;4;2005;3;1;1;15;13;Neurologia Infantil;11;10;Neurologia Infantil;3;2;24;4;1;1;10;2;5;1;1;5;1;1;3;1;1;1;3;1;4;5;5;3;6;3;6;0;0;6;6;6;0;0;0;6;0;0;0;0;0;0;0;1;0;0;0;0;0;0;0;0;0;0;0;0;0;0;0;0;0;0;0;1;0;0;0;0;0;1;1;1;0;0;1;0;0;1;0;7; ;0;2;2;3;4;3;-1,312;-1,802;-,57;-21,576;24;0;0
22;5/8/2021;R19;44;2;3;1999;1;1;0;26;15;Técnico de Enfermagem;4;4;Bloco Cirúrgico;1;1;40;2;5;1;15;1;3;4;3;3;3;2;1;1;1;3;4;2;5;5;5;5;4;4;6;0;1;6;6;6;1;0;0;0;0;0;0;0;1;1;0;1;0;0;1;0;0;1;1;1;1;0;1;1;0;0;0;0;0;0;0;0;1;0;1;0;0;1;0;1;1;1;1;1;0;0;0;18;Resposta MBI_15 inválida;0;1;3;6;2;2;3,994;1,969;,742;61,773;30;0;1
25;5/9/2021;R20;44;2;3;2001;1;2;0;19;6;Técnica de enfermagem;7;17;Técnica de enfermagem;3;1;40;2;3;2;0;1;5;4;2;2;3;2;3;2;2;6;3;2;1;1;0;0;1;0;0;0;0;1;0;0;1;0;0;1;0;0;0;0;1;0;0;0;0;0;1;0;0;0;1;1;1;0;0;1;0;1;0;0;1;1;1;1;1;1;0;1;0;1;1;1;0;1;1;1;0;1;0;21; ;0;2;3;4;3;4;-3,441;-1,836;-1,02;-68,328;36;0;0
26;5/9/2021;R21;43;2;6;1998;4;1;2;21;7;FISIOTERAPEUTA (ATUALMENTE EM CARGO DE COORDENAÇÃO DE SETOR);17;4;COORDENDORA DA UNIDADE DE PACIENTES EXTERNOS;3;1;40;3;2;2;0;2;2;2;2;2;1;1;1;1;1;1;1;1;1;2;0;1;5;0;6;0;0;6;6;6;0;0;0;6;0;0;0;0;0;0;0;0;0;0;0;0;0;0;0;0;0;0;0;0;0;0;0;0;0;0;0;0;1;0;1;0;0;0;0;1;0;0;1;1;0;1;0;6; ;0;1;3;5;5;2;,886;-,392;-1,22;-4,85;16;0;0
27;5/9/2021;R22;58;2;5;1982;1;2;2;32;9;Técnico de enfermagem;10;32;32 anos;2;1;30;1;5;1;20;1;6;2;2;6;3;5;6;2;2;2;6;3;3;2;5;3;1;3;6;5;3;2;6;6;6;3;2;2;0;1;1;0;0;1;0;0;0;0;0;0;1;1;0;1;1;0;0;0;1;0;1;0;0;0;0;0;0;0;0;0;1;1;1;1;0;1;1;1;0;0;0;16; ;0;1;4;6;3;6;9,029;4,291;3,215;224,127;45;1;1
29;4/10/2021;R23;42;1;4;2006;3;1;1;15;9;Médico;11;11;Cirurgião plástico;3;1;24;3;2;1;7;2;7;5;1;3;5;1;5;3;1;3;5;1;5;5;5;5;2;5;5;4;4;5;5;4;2;1;0;1;0;0;0;0;0;0;0;0;0;0;0;0;0;1;0;0;0;0;1;0;0;0;0;0;1;0;0;0;0;0;0;0;0;0;0;0;0;0;0;0;0;0;0;3; ;0;2;3;3;4;4;-4,906;-1,964;,511;-40,828;40;1;0
30;5/9/2021;R24;39;2;3;2012;1;1;2;20;12;Técnica em enfermagem, formação em Serviço Social;1;1;Ambulatório HGV, Enfermaria HGV;1;1;80;3;1;1;999;1;5;6;2;4;2;1;5;4;2;5;5;2;2;6;5;6;6;6;5;6;6;6;6;6;6;0;6;6;0;1;1;0;0;0;1;0;0;0;1;0;0;0;1;1;0;0;0;1;1;0;1;0;1;0;1;1;1;0;1;1;1;1;0;1;1;1;1;1;1;1;0;24; ;0;3;2;4;1;1;-3,481;-,963;,583;-29,661;43;1;0
31;5/10/2021;R25;34;2;5;2005;2;1;1;10;6;Auxiliar Administrativo;7;2;Assessoria de Gestão Estratégica e Qualidade;3;1;40;3;4;2;0;2;6;7;2;5;2;3;5;7;2;7;5;2;5;6;5;6;5;6;6;2;3;5;5;5;6;1;1;5;0;0;0;0;0;0;0;0;0;0;0;0;1;0;1;1;0;1;1;1;0;1;0;0;1;0;1;1;1;0;0;0;0;1;1;1;1;1;1;1;0;0;0;18; ;0;2;2;2;3;1;5,432;5,214;2,145;213,855;53;1;1
32;5/10/2021;R26;35;2;5;2003;1;2;0;15;6;Auxiliar Administrativo;2,8;2,8;RH;1;2;40;1;2;2;0;2;5;3;3;4;4;3;3;3;3;3;3;4;3;3;1;3;5;5;4;0;0;5;6;4;2;0;0;4;0;0;0;0;0;0;0;0;0;0;0;0;0;0;0;0;0;0;0;1;0;0;0;0;1;0;1;1;0;0;0;0;0;0;0;0;0;1;0;1;0;0;0;6;AnosFhemig e AnosPostoAtual: 2,8 ou 2 anos e 8 meses;0;2;2;3;2;2;-,165;-1,241;-,426;-24,668;41;1;0
33;5/10/2021;R27;34;2;3;2008;2;1;0;23;6;enfermeira;12;1;Direção;3;1;55;4;2;2;0;2;5;4;3;5;3;3;5;4;3;3;5;3;3;3;3;1;5;3;6;1;2;6;6;5;1;0;0;5;0;0;0;0;0;0;0;0;0;0;0;0;0;0;0;0;0;0;0;0;0;1;0;0;0;0;0;1;1;0;1;0;0;1;0;1;1;0;1;1;0;0;0;9; ;0;2;2;5;4;1;,504;,124;,742;22,624;46;1;1
34;5/10/2021;R28;48;1;3;1996;1;1;1;28;14;tec.enfermagem;20;5;ala g tecnicoenfermagem materiais e equipamento;3;1;30;2;2;1;30;1;4;1;1;1;1;1;1;1;1;1;1;1;1;0;0;0;6;0;6;0;0;6;6;6;0;0;0;5;0;0;0;0;1;0;1;0;0;0;0;0;0;0;0;1;1;0;0;1;0;0;1;0;1;0;1;0;0;0;0;0;0;0;0;0;1;0;0;0;0;0;0;9; ;0;1;3;6;5;2;-2,851;-2,565;-1,915;-35,069;15;0;0
35;5/10/2021;R29;40;1;5;2006;1;1;0;16;16;Aux. Adm.;7;7;Administrativo;3;1;45;1;3;1;70;1;7;1;6;4;7;7;7;2;1;1;7;7;6;6;6;6;0;6;0;6;6;6;1;0;6;6;6;6;0;0;0;0;0;1;0;0;0;0;1;0;0;0;0;0;0;0;0;0;0;1;0;0;0;0;0;1;0;1;1;0;0;0;0;1;0;1;0;1;0;0;0;9; ;0;2;2;4;3;3;26,527;13,297;7,387;888,009;57;1;1
36;5/10/2021;R30;36;2;5;1999;1;2;0;8;20;Biomédica;8;7;7;3;1;40;2;2;2;0;2;4;1;1;3;1;1;3;1;1;1;1;1;4;3;4;6;5;2;6;0;1;6;6;6;0;0;0;6;0;0;1;0;1;0;0;0;0;0;1;0;0;0;1;0;1;0;0;0;0;0;0;0;0;0;1;0;0;0;0;0;1;1;0;1;0;0;1;0;0;0;0;10; ;0;1;2;2;3;3;-,893;-1,639;-1,166;-22,954;19;0;0
37;5/10/2021;R31;48;2;4;1999;3;1;2;20;2;Medica Pediatra e Hebiatra;20;1,2;Diretoria;3;1;24;6;2;2;0;2;3;2;2;1;2;1;1;1;2;1;1;2;4;4;3;1;6;2;6;1;0;6;6;6;1;0;0;6;0;0;0;0;1;0;0;0;0;0;0;0;1;0;1;0;0;1;1;0;0;1;0;0;1;0;0;0;1;0;1;0;0;1;0;1;0;0;1;1;0;0;0;13; ;0;1;3;4;5;1;-5,432;-4,37;-2,434;-78,848;19;0;0
38;5/10/2021;R32;31;2;4;2017;3;1;0;5;15;Médica;2;2;Residente;2;1;60;2;1;2;0;2;6;3;3;7;3;3;6;3;3;3;3;3;4;6;2;4;6;5;6;1;3;6;6;3;5;1;1;6;0;0;0;0;0;0;0;0;0;0;0;0;0;1;0;0;1;0;0;0;0;1;0;0;0;0;0;0;1;0;0;0;0;1;0;1;0;1;1;1;1;1;0;11; ;0;3;2;1;2;1;1,817;-,034;,254;26,984;46;1;1
39;5/10/2021;R33;35;2;6;2008;2;1;1;17;1;Relações Públicas;10;1;DPGF;3;1;40;2;5;2;0;2;7;7;2;7;7;2;7;7;2;7;7;2;6;6;5;0;0;6;1;6;4;5;0;4;0;6;6;0;0;0;0;0;0;0;0;0;0;0;0;0;0;0;0;1;0;1;0;1;0;1;0;0;0;0;0;0;0;0;1;0;0;0;0;0;0;0;1;0;0;0;0;6; ;0;2;2;4;3;1;-,596;1,6;1,904;93,344;64;1;1
40;5/10/2021;R34;43;2;3;2000;1;1;1;20;9;Técnica de enfermagem;9;9;Clínica médica;3;1;60;3;4;1;3;1;2;3;1;1;2;1;1;2;1;2;2;1;3;4;5;5;5;3;5;5;5;5;5;2;6;5;0;6;0;0;0;0;0;0;0;0;0;0;0;0;1;1;0;1;0;0;1;1;0;0;0;0;0;0;1;0;0;0;0;0;0;1;1;1;1;1;1;0;0;0;0;12; ;0;1;3;4;3;3;-1,805;-1,186;-1,044;-24,158;19;0;0
41;5/10/2021;R35;31;1;4;2013;3;1;2;7;11;Médico;1,4;1,4;Médico Ortopedista;1;2;80;8;1;1;10;2;1;1;1;3;1;1;5;1;1;1;3;1;2;1;1;1;6;1;6;2;1;6;6;5;5;0;0;6;0;0;0;0;0;0;0;0;0;0;0;1;0;1;0;0;0;0;0;1;0;0;0;0;1;1;1;1;0;0;0;1;0;0;0;1;0;0;1;1;0;0;0;11; ;0;3;2;2;2;1;,362;-,683;,189;,984;20;0;0
42;5/10/2021;R36;49;2;5;1990;1;1;0;28;6;AUXILIAR ADMINISTRATIVO;27;10;SPP - Arquivo de Prontuários de Internação e óbitos;3;2;30;2;2;2;0;2;5;1;1;4;1;1;5;1;1;1;5;1;5;5;4;6;6;5;6;1;0;6;6;6;3;0;0;5;0;0;0;0;0;0;0;0;0;0;1;0;1;0;0;0;0;0;1;0;0;0;0;0;1;1;1;1;1;0;1;0;0;1;1;1;0;1;0;1;1;1;0;16; ;0;1;3;6;7;3;-2,623;-2,115;,331;-12,663;27;0;0
43;5/10/2021;R37;31;2;5;2008;2;1;0;14;16;AUXILIAR ADMINISTRATIVO;4;4;FARMÁCIA;3;1;40;2;2;1;7;2;5;7;3;5;7;3;3;7;3;7;5;3;5;5;4;5;5;5;5;3;4;4;5;3;5;0;0;4;0;0;0;0;0;0;0;0;0;0;0;0;0;0;0;0;0;0;1;0;0;0;0;0;1;0;0;0;1;1;1;0;0;1;0;1;0;1;0;0;0;1;0;9; ;0;2;2;3;2;2;-,146;1,245;,234;37,32;58;1;1
44;5/11/2021;R38;58;2;3;1985;2;2;0;33;1;Enfermeiro;16;12;GSST;3;2;20;2;3;2;0;2;3;3;3;3;3;3;3;3;3;2;3;3;2;2;2;5;5;2;5;1;1;5;6;5;6;0;0;6;0;0;0;0;0;0;0;0;0;1;0;0;0;0;0;1;1;0;0;1;0;0;0;0;1;0;0;1;0;0;0;1;0;0;0;0;1;0;1;0;0;0;0;9; ;0;1;4;6;5;4;,206;-,735;-,505;-11,673;35;0;0
45;5/11/2021;R39;59;2;3;2004;2;1;0;42;13;Técnico em enfermagem;31;7;Secretária das residências médica e multiprofissional;3;1;40;2;1;2;0;2;7;1;1;7;1;1;6;1;1;1;5;1;4;5;5;5;6;5;6;0;5;5;6;5;0;0;0;5;0;0;0;0;1;1;0;0;0;0;1;0;0;0;0;0;1;1;0;0;0;0;0;0;1;0;0;0;1;0;1;0;0;1;0;0;0;1;0;0;0;0;0;10; ;0;2;4;6;8;3;-1,501;-1,748;,701;4,529;33;0;0
46;5/11/2021;R40;51;1;5;1987;1;2;0;30;6;Engenheiro Ambiental e Sanitarista;15;15;Auxiliar Administrativo;3;2;30;2;2;2;0;2;5;5;2;1;3;1;1;5;1;5;1;1;1;1;2;1;5;1;4;1;2;5;1;1;5;1;0;5;0;0;0;0;0;0;0;0;0;0;1;0;0;0;1;1;0;0;0;1;0;0;0;0;0;0;0;0;1;0;0;0;0;0;0;1;1;0;1;1;0;0;0;9; ;0;1;4;6;4;4;,103;1,235;-1,301;12,337;31;0;1
47;5/11/2021;R41;53;1;5;2009;1;1;2;33;6;tecnico em radiologia;9;33;casa de saude sao francisco de assis;3;1;24;2;2;2;0;2;1;1;1;1;1;1;1;1;1;1;1;1;0;0;0;0;6;0;6;0;0;6;6;6;0;0;0;6;0;0;0;0;0;1;0;1;0;0;0;0;0;0;0;0;0;0;0;0;0;0;0;0;1;0;0;1;0;0;0;0;0;0;0;0;0;0;0;0;0;0;0;4;AnosPostoAtual > AnosFhemig;0;2;4;6;3;6;-,98;-1,577;-1,574;-16,524;12;0;0
48;5/10/2021;R42;45;1;4;2001;4;1;0;20;99;Médico clínico;7;7;CSSI;3;1;24;6;3;2;0;1;6;6;4;5;5;5;5;5;5;6;6;5;4;5;5;5;6;6;4;6;4;5;4;3;0;3;1;4;0;0;0;0;1;0;0;0;0;0;0;0;1;0;0;1;0;1;0;0;0;1;0;0;1;0;0;0;0;0;1;0;0;0;0;0;0;0;0;0;1;0;1;9; ;0;2;3;4;3;3;-1,707;-,985;,536;-42,311;63;1;0
49;5/11/2021;R43;28;2;4;2019;1;2;0;1,7;16;Residente de Pediatria;1,2;1,2;Residência Médica em Pediatria;1;1;60;2;2;2;0;1;6;1;1;5;1;3;6;1;1;1;6;2;5;5;6;5;5;5;6;4;4;6;6;5;5;0;0;6;0;0;0;0;0;0;0;0;0;0;0;0;1;0;0;0;0;0;1;0;0;0;0;0;1;0;0;1;0;0;0;1;0;0;1;1;0;1;1;1;0;0;0;10; ;0;3;1;1;2;1;4,772;1,942;2,623;101,501;34;0;1
50;5/12/2021;R44;58;1;5;2008;2;2;3;41;5;AUXILIAR ADMINISTRATIVO - TOS IIC;13;10;SETOR DE ULTRASSONOGRAFIA/CSPD;3;1;8;2;2;2;0;2;3;5;3;3;3;3;3;5;3;5;3;3;1;0;1;0;5;3;5;0;0;5;5;5;6;0;0;5;0;0;0;0;1;0;0;0;0;0;1;0;1;0;0;1;1;0;0;0;0;0;0;0;0;0;0;0;0;0;0;0;0;0;1;1;0;1;1;1;0;0;0;10; ;0;2;4;6;4;3;1,6;1,258;-,162;39,9;42;1;1
51;5/13/2021;R45;47;2;5;2000;1;1;4;23;3;Técnica em Nutrição;23;17;Serviço de Nutrição e Dietética;3;1;30;2;2;2;0;2;5;4;3;5;3;3;5;3;3;4;5;3;5;6;6;2;5;6;5;2;2;4;5;4;4;0;0;3;0;0;0;0;1;0;0;0;0;0;0;0;1;1;0;1;0;0;0;0;0;0;0;0;0;0;0;0;0;0;1;0;0;1;0;0;0;0;1;0;0;0;0;7; ;0;1;3;5;6;4;-,387;-,52;,535;-1,224;46;1;0
52;5/13/2021;R46;43;2;2;2003;2;2;2;13;6;Técnico de enfermagem;7;7;Uccia;3;1;40;2;2;1;18;2;2;2;1;2;2;2;1;2;2;2;2;1;4;6;3;0;5;5;6;0;0;6;5;6;0;0;0;6;0;0;0;0;1;0;0;0;0;0;1;0;1;1;0;1;1;1;0;1;0;0;0;0;1;0;0;0;1;0;0;0;0;0;1;0;1;1;0;1;0;0;0;14; ;0;2;3;3;3;3;-3,254;-2,483;-1,895;-52,653;21;0;0
54;5/14/2021;R47;44;2;5;2008;1;1;1;26;13;Tecnico de segurança do trabalho;12;12;Complexo Hospitalar de Urgencia;3;1;44;3;2;1;10;2;3;6;3;3;5;4;3;6;3;6;3;4;2;2;2;3;5;3;4;5;5;4;6;4;4;0;0;5;0;0;0;0;0;0;0;0;0;0;0;0;1;0;0;0;0;0;1;0;0;1;0;0;0;0;0;0;1;0;1;0;0;1;1;1;0;1;1;1;1;1;0;13; ;0;2;3;6;4;4;5,511;3,671;,924;172,675;49;1;1
56;5/18/2021;R48;41;2;2;2003;2;1;0;21;16;Técnico em enfermagem;11;18;HRJP;3;1;30;2;2;1;7;1;7;6;2;4;5;1;6;7;1;7;7;2;4;5;3;0;3;4;5;0;4;5;4;5;4;0;0;6;0;0;0;0;0;0;1;0;0;0;1;0;1;0;0;1;0;0;1;0;0;0;0;0;0;0;0;1;1;0;1;1;0;1;1;0;0;1;1;1;1;0;0;15; ;0;2;3;5;4;4;-,06;2,29;1,946;103,594;55;1;1
57;5/19/2021;R49;33;1;4;2013;3;1;0;4;4;Psiquiatra;2;2;Psiquiatra;1;2;24;3;4;1;10;2;5;4;4;5;4;4;5;5;4;4;5;4;6;6;6;5;3;6;5;6;5;5;3;2;4;1;1;4;0;0;0;0;1;0;0;0;0;0;1;0;0;0;1;1;0;0;0;0;0;1;0;0;1;1;0;1;1;0;1;0;0;1;1;1;0;1;1;1;0;0;0;16; ;0;3;2;1;2;1;1,078;,313;,403;30,629;53;1;1
59;5/19/2021;R50;26;2;6;2013;1;1;0;7;99;Tecnico em enfermagem;1,4;7,3;UUE;1;1;40;2;1;1;5;1;2;2;1;1;1;1;1;2;1;1;1;1;1;2;1;0;6;0;6;0;0;6;6;6;6;0;0;6;0;0;0;0;0;0;1;0;0;0;0;0;0;0;0;1;0;0;0;0;0;0;0;0;1;0;0;1;0;0;0;0;0;1;1;1;0;1;1;1;0;0;0;10;AnosPostoAtual > AnosFhemig;0;3;1;2;2;3;-,682;-,939;-1,313;-14,927;15;0;0
62;5/19/2021;R51;36;1;5;2004;1;2;1;16;11;Técnico operacional de saude;11;6;Material médico hospitalar;3;1;42;2;2;2;0;2;5;3;3;3;3;3;4;1;3;1;3;3;3;2;2;1;5;1;6;2;3;5;5;5;6;0;0;6;1;0;0;0;1;0;0;0;0;0;0;0;0;0;0;1;0;0;0;0;0;0;1;0;1;0;0;1;1;0;0;0;0;1;1;1;0;1;1;1;0;0;0;13;NHoraSem alterada;0;2;2;4;4;3;-2,089;-2,556;-,478;-52,686;35;0;0
63;5/19/2021;R52;29;2;6;2013;2;1;0;7;12;Farmacêutica;,3;,3;Farmácia - UAAS GV;1;2;40;3;1;1;8;2;3;3;3;3;3;2;5;3;1;3;3;2;3;4;2;2;5;4;5;1;2;5;4;5;5;0;0;6;0;0;0;0;0;1;0;0;0;0;0;0;0;0;1;1;0;1;0;0;0;1;0;0;1;0;1;1;0;0;1;1;0;1;0;0;0;0;0;0;1;1;0;13; ;0;3;1;2;1;1;7,024;3,915;1,393;122,674;34;0;1
64;5/19/2021;R53;38;2;5;2001;1;1;0;20;9; Auxiliar Administrativo;4;,5;CGP - Folha de pagamento;1;1;40;2;2;2;0;2;1;1;1;1;1;1;1;1;1;1;1;1;3;3;0;0;5;1;6;0;0;6;6;6;6;0;0;6;0;0;0;0;0;0;0;0;0;0;1;0;0;0;0;0;0;0;0;1;0;0;0;0;1;0;1;0;1;0;0;0;0;0;1;0;1;1;0;1;0;0;0;9; ;0;2;2;4;2;1;-,98;-1,577;-1,574;-16,524;12;0;0
65;5/19/2021;R54;58;2;3;1986;2;2;0;99;14;Enfermeira obstetra;10;10;Maternidade;3;1;30;3;2;2;0;2;4;1;1;1;1;1;1;1;1;1;3;1;1;1;0;0;5;0;6;0;0;6;6;5;2;0;0;5;0;0;0;0;0;0;0;0;0;1;0;0;0;0;0;1;0;0;0;0;0;0;0;0;1;0;0;0;0;0;0;0;0;1;0;0;0;1;0;0;1;0;0;6; ;0;1;4;99;3;3;-4,036;-2,961;-1,429;-40,849;17;0;0
67;5/20/2021;R55;27;2;4;2018;1;1;0;2,5;14;Medica Residente;,3;,3;Enfermarias;1;1;60;2;2;2;0;1;6;3;2;5;3;3;3;3;3;5;5;3;5;5;5;5;5;5;5;2;2;5;5;5;4;0;0;5;0;0;0;0;1;0;0;0;0;0;0;0;0;0;0;1;0;0;1;0;0;1;0;0;0;1;0;1;0;0;1;1;0;1;0;1;0;1;0;0;0;0;0;11; ;0;3;1;1;1;1;-3,524;-2,427;-,596;-84,066;44;1;0
68;5/20/2021;R56;45;1;3;1998;1;1;0;22;9;Técnico em enfermagem;10;10;Cti;3;1;30;2;2;2;0;1;4;3;3;5;4;1;5;3;1;2;5;1;5;5;6;5;6;6;6;0;5;6;5;5;6;0;0;6;0;0;0;0;1;0;0;0;1;0;0;0;1;1;0;0;1;0;1;1;0;0;0;0;1;0;1;0;0;0;1;0;0;0;0;1;1;0;1;0;1;0;0;14; ;0;1;3;5;3;3;1,932;1,185;,854;42,038;37;1;1
69;5/20/2021;R57;35;2;3;2009;1;1;0;11;99;tec enfermagem;8;8;hrb;3;1;40;2;4;1;300;2;2;2;1;3;3;3;1;1;1;2;1;1;1;3;2;0;6;1;6;0;0;6;6;6;0;0;0;6;0;0;0;0;1;1;1;0;0;0;1;0;0;0;0;0;0;0;0;1;1;1;0;0;1;0;0;1;1;0;0;1;0;1;0;1;0;0;0;1;0;1;0;15; ;0;2;2;3;3;3;5,431;2,127;-,263;47,761;21;0;1
70;5/20/2021;R58;43;2;6;2002;4;1;1;22;13;NUTRICIONISTA;17;14;NUTRICIONISTA;3;2;20;2;2;2;0;1;7;6;2;6;4;3;7;5;3;4;7;3;5;4;0;0;2;3;3;2;5;4;5;3;5;0;0;5;0;0;0;0;0;0;0;0;0;0;1;0;1;0;0;1;0;0;1;0;0;0;0;0;1;0;1;0;1;1;1;0;1;1;1;1;0;1;1;1;0;0;0;16; ;0;2;3;5;5;4;-1,887;-,295;1,986;27,26;57;1;1
71;5/20/2021;R59;35;1;5;2003;2;1;1;12;11;Servidor Público Estadual;12;11;Assessoria de Gestão Estratégica e Qualidade;3;1;50;2;5;1;14;2;7;7;1;7;7;1;7;7;1;7;7;1;6;6;6;6;6;6;2;6;6;6;2;1;6;3;6;6;0;0;0;0;0;1;0;0;0;0;1;1;0;1;1;1;0;0;0;1;0;1;0;0;1;1;1;0;1;1;1;0;0;1;0;1;1;1;1;1;0;0;0;20; ;0;2;2;3;4;4;-1,141;1,718;2,039;100,632;60;1;1
72;5/20/2021;R60;32;2;5;2009;1;1;2;14;7;Atualmente Auxiliar Administrativo TOS I C;6,9;6,9;Gestão de Pessoas e Ouvidoria SUS;3;1;40;2;3;2;0;2;4;5;4;3;4;4;3;5;3;5;3;4;4;4;4;4;3;4;1;4;5;5;5;4;5;0;0;4;0;0;0;0;0;1;0;0;0;0;1;0;0;1;0;1;0;0;0;1;0;0;0;0;0;0;0;0;1;0;1;0;1;1;1;1;1;1;1;1;0;0;0;15; ;0;2;2;3;3;3;6,29;3,657;,766;173,791;47;1;1
73;5/20/2021;R61;49;2;6;1993;4;2;1;26;2;Psicóloga;26;9;Responsável pela Educação Permanente/NEP;3;2;20;3;3;2;0;2;2;1;3;1;2;3;1;1;3;1;1;3;2;3;5;5;5;2;3;1;4;5;3;1;6;1;1;4;0;0;0;0;1;0;0;0;0;0;1;0;1;1;0;1;1;0;0;0;0;0;0;0;0;0;0;0;0;0;0;0;0;0;0;0;0;0;1;1;0;0;0;8; ;0;1;3;6;7;3;-1,076;-2,517;-2,1;-35,997;22;0;0
74;5/20/2021;R62;63;2;6;1981;2;1;0;39;2;Assistente Social;39;3;Coordenação NEP/Ouvidoria;3;2;6;4;1;2;0;2;1;1;1;1;1;1;1;1;1;1;1;1;0;0;0;2;6;0;6;0;0;6;6;6;0;0;0;6;1;0;0;0;1;0;0;0;0;0;1;0;0;0;0;0;0;0;0;0;0;0;1;0;1;0;0;1;0;0;1;0;0;1;1;1;0;0;1;1;0;0;0;12; ;0;1;5;6;8;2;-,98;-1,577;-1,574;-16,524;12;0;0
75;5/20/2021;R63;52;2;5;1988;1;1;2;25;13;FONOAUDIOLOGA;9;4;SECRETÁRIA DA GERENCIA PEDIATRICA;3;1;45;2;2;1;8;2;1;3;1;1;1;1;1;3;1;3;1;1;1;0;0;1;1;0;6;0;1;6;6;6;6;0;0;6;0;0;0;0;0;0;0;0;0;0;1;0;1;0;0;1;0;0;1;1;0;0;0;0;1;0;0;0;0;0;0;0;0;0;0;0;1;0;0;0;1;0;0;8; ;0;1;4;5;3;2;,563;,397;-1,096;1,838;18;0;0
76;5/20/2021;R64;53;1;5;2003;1;1;2;32;8;Auxiliar administrativo;7;2;Manutenção;3;1;8;1;2;2;0;2;3;3;3;1;1;1;2;2;2;3;2;1;3;3;3;2;6;1;6;0;0;6;6;6;0;0;0;6;0;0;0;0;0;0;0;0;0;0;0;0;0;0;0;0;0;0;0;0;0;0;0;0;1;0;1;0;0;0;0;0;0;0;0;0;0;0;0;0;0;0;0;2; ;0;2;4;6;3;1;-3,837;-2,304;-2,1;-64,395;24;0;0
77;5/20/2021;R65;41;2;6;2006;2;2;1;22;99;Arquiteta;12;9;Arquiteta Hospitalar;3;1;44;3;2;2;0;2;5;5;1;5;1;1;5;3;1;4;4;1;3;3;1;0;5;3;6;0;2;6;6;6;6;0;0;6;0;0;0;0;1;0;0;0;0;0;1;0;0;1;0;0;1;1;0;0;0;1;0;0;1;0;1;0;1;1;1;0;0;0;1;1;0;1;1;1;1;1;0;18; ;0;2;3;5;4;3;,42;,968;1,147;36,057;36;0;1
78;5/20/2021;R66;37;2;5;2006;2;2;1;22;8;ADMINISTRADORA E CONTADORA;5;4;Coordenadora da coordenação de Gestão da Informação e Finanças;3;1;40;2;5;2;0;2;7;1;1;7;1;1;7;1;1;1;7;1;4;5;3;3;5;4;5;0;0;5;5;5;4;0;0;5;0;0;0;0;1;1;0;0;0;0;1;0;0;1;1;1;0;0;1;0;0;1;0;0;0;0;1;0;1;0;0;0;0;1;0;1;0;1;1;1;0;0;0;15; ;0;2;2;5;2;2;-2,401;-1,962;1,451;23,176;36;0;1
79;5/20/2021;R67;59;2;6;1983;2;2;0;37;3;Nutricionista;17;6;Chefia do Serviço de Nutrição do Complexo Hospital de Barbacena;3;2;40;3;2;2;0;2;6;5;2;6;2;2;5;2;1;4;6;1;5;5;6;5;6;6;5;1;2;6;6;6;2;1;1;6;0;0;0;0;0;0;0;0;0;0;0;0;1;0;0;0;0;0;0;0;0;0;0;0;0;0;0;0;0;0;1;0;0;1;1;1;0;1;1;1;1;1;0;10; ;0;1;4;6;5;3;2,986;2,363;2,13;97,625;42;1;1
80;5/20/2021;R68;51;2;3;2006;2;1;0;34;3;Enfermeira;27;6;Núcleo de Risco;3;1;30;4;2;2;0;2;5;4;4;2;2;3;2;2;3;2;2;3;4;4;6;5;4;5;5;2;6;5;5;4;4;2;2;2;0;0;0;0;1;1;0;0;0;0;1;0;0;0;0;0;1;0;1;0;0;0;1;0;0;1;0;0;0;1;0;0;0;0;0;0;0;0;1;0;0;0;0;9; ;0;2;4;6;7;3;,187;-,714;-,926;-14,895;34;0;0
81;5/20/2021;R69;26;1;4;2019;1;1;0;2;14;Médico;1;1;Enfermaria;1;1;60;2;1;2;0;1;5;3;3;4;3;3;4;3;3;3;5;3;5;5;5;4;5;5;5;5;4;5;5;4;5;3;2;5;0;0;0;0;0;0;0;0;0;0;1;0;0;0;0;1;0;0;0;0;0;1;0;0;0;1;0;1;1;1;1;0;0;1;1;1;0;0;1;0;0;0;0;12; ;0;3;1;1;1;1;-1,397;-1,307;-,007;-32,574;42;1;0
82;5/20/2021;R70;47;2;3;2001;2;2;1;30;12;Tecnico enfermagem;1;1;UAAS - GV e no AMBULATORIO DENTRO DO HGV;1;2;80;3;2;1;15;1;3;3;3;3;3;3;3;3;3;3;3;3;3;3;3;0;6;0;6;0;0;6;6;6;6;0;0;6;0;1;1;0;0;0;1;0;0;0;0;0;0;0;0;0;1;0;1;1;0;0;0;0;1;0;0;1;1;0;1;1;1;1;0;1;1;1;0;1;0;0;0;17; ;0;2;3;6;1;1;,056;-,716;-,64;-15,6;36;0;0
83;5/20/2021;R71;31;2;5;2007;1;1;0;11;11;Auxiliar Administrativo;6;6;Uti;3;1;40;2;2;2;0;2;3;4;3;3;4;3;2;4;2;4;3;2;1;4;2;1;5;1;6;1;1;6;6;5;4;0;0;6;0;0;0;0;0;0;0;0;0;0;0;0;0;1;1;1;0;0;0;0;0;0;0;0;0;0;1;0;1;0;1;0;0;1;0;0;0;1;1;1;0;0;0;10; ;0;2;2;3;3;3;4,419;2,709;,042;87,996;37;1;1
84;5/20/2021;R72;43;2;3;2007;2;2;0;13;3;Tec.enfermagem;10;1;fhemig;3;2;30;2;2;2;0;1;3;5;2;1;3;1;1;3;1;1;1;1;4;5;4;4;1;3;5;3;3;5;5;5;3;0;0;5;0;0;0;0;0;0;0;0;0;0;0;0;0;0;0;0;0;0;0;0;0;0;0;0;0;0;1;0;1;0;1;0;0;1;0;1;0;0;1;1;0;0;0;7; ;0;2;3;3;3;1;,468;,491;-,677;4,17;23;0;0
85;5/20/2021;R73;32;2;4;2014;3;2;0;6;2;Psiquiatra da infância e adolescência;3;2;Psiquiatra e preceptora;1;2;24;7;1;1;10;2;5;2;2;3;2;2;5;2;2;2;5;2;2;3;1;4;5;2;6;0;1;6;5;5;0;0;0;3;0;0;0;0;0;0;0;0;0;0;0;0;1;0;0;1;0;0;0;0;0;1;0;0;0;0;1;1;1;0;1;1;0;1;0;1;0;1;0;1;0;0;0;12; ;0;3;2;2;2;1;-2,563;-1,901;,182;-32,436;34;0;0
86;5/20/2021;R74;52;1;5;2007;1;1;2;31;9;Técnico em enfermagem;9;9;Clinica medica;3;1;30;2;1;2;0;2;1;3;1;1;1;1;1;3;1;3;1;1;2;1;0;1;5;3;6;0;0;6;5;5;5;0;0;5;0;0;0;0;0;0;0;0;1;0;1;0;0;0;1;1;0;0;1;0;0;0;0;0;1;0;1;0;0;0;0;0;0;0;1;1;0;1;0;0;0;0;1;11; ;0;2;4;6;3;3;,563;,397;-1,096;1,838;18;0;0
88;5/21/2021;R75;62;2;6;2010;4;2;0;13;1;Médica;9;3;NUTIS - CCPC / GDA / DIRASS;3;1;40;5;1;2;0;2;5;1;1;3;2;1;5;1;1;1;5;1;4;5;4;5;3;2;5;0;1;5;6;5;1;1;0;5;0;0;0;0;0;0;0;0;0;0;1;0;0;0;1;1;0;0;0;0;0;0;0;0;1;0;0;1;0;0;1;1;0;1;0;1;0;1;1;1;0;0;0;12; ;0;2;5;3;3;2;-3,879;-2,769;,079;-27,939;27;0;0
89;5/21/2021;R76;64;2;6;1980;2;1;2;37;1;psicóloga;37;13;Coordenação de Desempenho;3;1;40;4;2;2;0;2;3;6;1;3;1;1;1;5;1;5;3;1;0;0;0;1;1;0;6;0;0;6;6;6;1;0;0;6;0;0;0;0;0;0;0;0;0;0;0;0;0;0;0;0;0;1;1;0;0;1;0;0;0;0;0;0;0;0;1;0;0;0;0;0;0;0;1;0;0;0;0;5; ;0;1;5;6;8;4;1,246;2,184;,167;43,782;31;0;1
90;5/21/2021;R77;42;2;3;1999;1;2;1;21;8;tecnico em enfermagem;11;4;ambulatorio / transporte/ cme;3;1;40;2;2;1;999;1;5;4;2;7;2;2;5;4;2;4;5;3;5;5;5;3;2;2;6;1;3;5;6;2;3;3;5;6;0;0;0;0;0;0;0;0;0;0;1;0;0;0;0;0;0;1;1;0;0;0;1;0;1;0;0;0;0;0;1;0;0;0;0;0;0;0;0;1;0;0;0;7; ;0;1;3;5;4;2;2,655;1,423;1,578;78,533;45;1;1
91;5/21/2021;R78;33;2;6;2011;1;1;1;14;14;FARMACÊUTICA BIOQUIMICA;6;6;RESPONSÁVEL TÉCNICA DA LABORATÓRIO E COORDENAÇÃO;2;1;40;3;2;1;15;1;6;4;3;6;4;4;6;4;3;3;6;4;3;2;5;5;6;5;6;0;5;6;5;5;5;0;0;6;0;0;0;0;0;0;0;0;0;0;1;0;1;0;0;0;0;0;1;0;0;0;0;0;1;0;1;0;1;0;1;0;0;1;1;1;0;1;1;1;1;1;0;15; ;0;3;2;3;3;3;3,968;1,859;2,235;137,077;53;1;1
92;5/24/2021;R79;35;2;5;2009;1;2;1;13;14;Técnico de Farmácia;2;1;Farmácia;1;2;12;2;2;2;0;1;5;5;2;5;5;2;5;5;2;5;5;2;5;5;3;1;5;4;5;0;1;6;5;4;0;2;3;5;0;1;1;0;1;1;0;0;0;0;1;0;1;0;0;0;1;1;1;1;0;0;0;0;1;0;1;1;1;0;1;1;1;1;1;1;0;1;0;1;0;0;1;23; ;0;2;2;3;2;1;-,542;,501;,699;19,664;48;1;1
93;5/25/2021;R80;27;1;5;2011;2;1;0;10;4;Auxiliar Administrativo;7;3;Gestão Estratégica/Custos/Ouvidoria e Qualidade mas Atualmente Cedido ao TRE-MG;3;1;40;1;5;2;0;2;3;4;1;3;3;1;3;4;1;6;1;1;3;5;3;6;4;1;5;0;0;6;6;6;5;0;2;6;0;0;0;0;0;0;1;0;0;0;0;0;0;0;1;1;0;1;0;1;0;1;0;0;0;1;1;1;1;1;1;1;1;1;0;1;1;1;1;1;0;0;0;20; ;0;3;1;2;3;2;,623;,942;-,888;9,626;31;0;1
94;5/24/2021;R81;35;2;5;2005;1;2;0;16;14;Técnico em Patologia Clinica;11;11;Agencia Transfusional;3;1;30;2;3;1;2;2;3;4;3;3;4;3;3;5;3;5;3;3;3;4;1;2;6;3;5;0;1;5;6;5;5;0;0;6;0;0;0;0;1;0;0;0;0;0;0;0;0;0;0;0;0;0;1;0;0;0;0;0;0;0;0;0;1;0;0;0;0;1;1;0;0;0;0;0;1;1;1;8; ;0;2;2;4;4;4;,857;,579;-,606;13,434;42;1;1
95;5/24/2021;R82;52;2;4;1993;4;1;2;26;18;MEDICA;16;16;MEDICO;1;2;24;4;2;2;0;1;5;2;1;5;2;1;5;2;1;2;5;1;3;3;3;5;5;2;2;2;2;6;5;4;5;0;0;5;0;0;0;0;0;1;0;0;0;0;1;0;1;0;0;0;0;0;0;0;0;1;0;0;0;0;0;0;0;0;1;0;0;1;1;1;0;0;1;0;0;0;0;9; ;0;1;4;6;5;4;-1,718;-1,22;,541;-5,812;32;0;0
96;5/25/2021;R83;41;2;5;2004;2;1;1;14;14;Técnico de enfermagem;7;7;Cti adulto;3;1;30;2;3;1;45;1;1;5;3;1;1;1;1;5;1;5;2;2;1;3;3;3;0;1;6;0;4;6;6;1;3;0;4;6;0;0;0;0;0;0;0;0;0;0;0;0;0;0;0;0;0;0;0;0;0;0;0;0;0;0;0;1;0;0;1;0;0;1;1;1;0;0;1;0;1;0;0;7; ;0;2;3;3;3;3;5,636;4,255;,204;108,552;28;0;1
97;5/26/2021;R84;38;2;5;2000;2;1;1;17;12;Fisioterapeuta e Servidora Pública na FHEMIG (TOS);17;3;Coordenação de Gestão da Informação e Finanças;3;2;40;3;2;2;0;2;5;5;1;2;1;1;2;5;1;5;2;1;4;5;6;5;5;4;5;0;1;6;6;5;4;0;0;6;0;0;0;0;1;0;0;0;0;0;1;0;1;0;0;0;0;0;1;0;0;1;0;1;0;0;0;0;1;0;1;0;0;1;1;1;0;1;1;1;0;0;0;14; ;0;1;2;4;5;2;-,001;1,319;-,455;16,095;31;0;1
98;5/26/2021;R85;38;1;3;2008;4;2;0;16;1;ENFERMEIRO DO TRABALHO/CHEFE DO NEGFT;7;1;NEGFT;3;1;40;6;2;2;0;1;5;2;3;5;1;2;5;2;2;2;5;2;5;3;5;5;6;4;6;0;0;6;6;6;6;0;0;6;0;1;1;0;1;0;0;0;0;0;0;1;1;0;0;1;0;1;0;0;0;1;0;0;1;0;1;0;1;0;1;0;0;0;1;1;0;1;1;1;1;1;0;19; ;0;2;2;4;3;1;1,003;-,037;,6;20,768;36;0;1
99;5/31/2021;R86;52;2;6;1990;2;1;0;33;3;Pedagoga;27;26;NEP;3;1;30;4;3;1;10;2;5;1;1;1;1;1;2;1;1;1;2;1;3;4;5;5;5;3;6;0;0;6;6;6;0;0;0;6;0;0;0;0;1;0;0;0;0;0;1;0;0;0;0;0;0;0;0;0;0;0;0;0;0;0;0;0;0;0;0;0;0;0;0;1;0;0;1;0;0;0;0;4; ;0;1;4;6;7;5;-3,783;-2,91;-1,523;-42,002;18;0;0
100;5/31/2021;R87;36;2;3;2004;1;2;0;14;14;Técnico de Enfermagem;1,5;1,5;Clínica Médica (Covid);1;1;30;2;2;1;4;1;4;5;3;3;5;3;3;5;3;5;3;3;6;5;5;4;5;6;6;4;4;5;5;5;2;0;0;5;0;0;0;0;1;0;0;0;0;0;0;0;0;1;0;1;1;1;0;0;0;0;0;0;0;0;1;1;0;0;0;1;0;1;0;1;0;1;0;0;0;0;0;11;AnosFhemig e AnosPostoAtual: 1,5 ou 1 ano e 5 meses;0;2;2;3;2;1;-,148;,182;-,558;-5,39;45;1;0
101;6/7/2021;R88;55;2;3;2000;2;2;1;43;3;Enfermeira;10;21;Enfermeira;3;1;40;3;2;2;0;1;3;4;1;4;3;1;4;3;1;4;4;1;3;2;2;1;6;1;6;0;1;6;6;6;3;0;0;6;0;0;0;0;0;0;0;0;0;0;0;0;0;0;0;0;0;0;0;0;0;0;0;0;0;0;0;0;0;1;0;0;0;0;0;0;0;1;0;0;1;1;0;4;AnosPostoAtual > AnosFhemig;0;1;4;6;3;5;-,616;,111;,416;5,33;33;0;1
102;6/9/2021;R89;56;2;3;2004;1;2;0;35;18;Técnica de enfermagem;10;10;Bloco cirurgico;3;1;40;2;1;2;0;1;1;1;1;1;1;1;1;1;1;1;1;1;1;3;0;0;6;2;6;0;0;6;6;6;6;0;0;6;0;0;0;1;0;0;0;0;0;0;0;0;1;0;0;0;0;0;0;0;0;0;0;0;0;0;0;0;0;0;0;0;1;0;0;0;0;1;0;0;1;0;0;5; ;0;2;4;6;3;3;-,98;-1,577;-1,574;-16,524;12;0;0
103;6/10/2021;R90;26;2;4;2019;1;1;0;2;13;Médico residente do segundo ano.;2;2;HIJPII e UPA (PBH).;1;1;80;4;1;1;3;1;3;3;3;3;3;3;3;3;3;3;3;3;4;4;3;0;5;3;5;0;0;5;5;4;5;0;0;5;0;0;0;0;0;0;0;0;0;0;0;0;1;0;0;1;0;0;0;0;0;0;0;0;0;0;0;0;1;0;0;0;0;0;0;0;0;0;0;0;0;0;0;3; ;0;3;1;1;2;1;,056;-,716;-,64;-15,6;36;0;0
104;6/23/2021;R91;52;1;4;1992;3;1;2;29;18;Médico;29;17;Equipe de Terapia Nutricional;3;2;24;6;2;2;0;1;3;3;3;3;3;3;3;3;3;3;3;3;2;2;1;2;5;2;5;1;1;5;5;5;5;0;0;5;0;0;0;0;0;0;0;0;0;0;0;0;0;0;0;0;1;0;0;0;0;0;0;0;1;0;0;1;0;0;1;0;0;0;0;1;0;0;0;0;1;1;1;8; ;0;1;4;6;7;4;,056;-,716;-,64;-15,6;36;0;0
105;6/29/2021;R92;33;2;3;2010;2;2;0;11;4;Enfermeira;3;,8;CMT;1;2;40;3;2;2;0;1;2;2;2;2;2;2;2;2;2;2;2;2;2;4;4;2;5;3;5;1;1;5;5;4;2;0;0;5;0;0;0;0;0;0;0;0;0;0;0;0;0;0;0;0;1;0;0;1;0;1;0;0;0;0;0;1;1;1;1;1;0;0;0;1;1;0;1;1;1;0;0;13; ;0;2;2;3;2;1;-,462;-1,147;-1,107;-21,728;24;0;0
106;6/29/2021;R93;37;2;6;2011;2;1;2;12;1;Psicóloga;10;3;Assessora da Controladoria Seccional;3;1;40;4;3;1;9;2;3;7;3;4;4;3;3;7;3;7;3;3;3;5;5;5;5;4;1;1;2;5;6;2;5;0;0;4;0;0;0;0;1;0;0;0;0;0;1;0;0;0;0;1;0;0;0;1;0;1;0;0;0;0;0;1;0;0;1;1;1;1;1;1;1;1;0;0;0;0;0;14; ;0;3;2;3;3;2;3,277;3,139;,286;121,517;50;1;1
107;6/29/2021;R94;53;2;5;2008;1;2;1;12;1;TECNOLOGA EM GESTÃO FINANCEIRA E PROFESSORA;12,5;2;CSLA/ADC/CAMG;3;1;40;2;3;2;0;2;3;5;3;3;5;3;3;5;3;5;3;3;3;5;5;5;4;4;5;3;3;5;5;3;3;0;0;5;0;0;0;0;1;0;0;0;0;0;1;0;0;0;1;1;1;1;1;1;0;0;0;0;0;0;1;1;1;0;1;0;1;1;1;1;1;1;1;1;0;0;0;20; ;0;2;4;3;4;1;,476;,511;-,444;10,604;44;1;1
108;6/29/2021;R95;29;2;3;2011;1;1;0;9;11;Técnico em enfermagem;3;,3;CTI;1;2;30;2;3;2;0;1;3;3;2;3;2;1;2;2;2;2;2;1;3;3;3;3;6;1;6;0;0;6;6;6;4;0;0;6;0;0;0;0;1;0;0;0;0;0;1;0;0;0;1;1;0;1;0;0;0;1;0;0;1;0;1;1;1;0;1;0;0;1;0;1;0;1;1;1;0;0;0;16; ;0;3;1;2;2;1;-4,472;-3,063;-1,936;-73,759;25;0;0
109;6/29/2021;R96;46;2;3;2011;2;1;1;16;13;tecnica de enfermagem;7;2;domiciliar;3;1;99;2;5;2;0;2;3;3;3;3;3;3;3;3;3;3;3;3;1;2;2;2;6;2;6;0;1;6;5;6;2;0;0;6;0;0;0;0;1;1;0;0;0;0;1;0;1;0;1;1;1;0;1;0;1;0;0;0;0;0;1;1;1;0;0;0;0;1;1;0;0;1;1;1;0;1;0;18;Ano conclusão editado;0;3;3;4;3;1;,056;-,716;-,64;-15,6;36;0;0
110;6/29/2021;R97;39;2;5;2016;2;1;3;15;13;Auxiliar administrativo;6;6;Central de Internação;3;1;40;2;2;2;0;1;3;3;1;1;1;1;1;1;1;1;4;1;3;3;3;0;6;1;6;0;0;6;6;6;0;0;0;6;0;0;0;0;0;1;0;0;0;0;1;1;1;0;0;0;0;0;0;1;0;0;0;0;1;0;1;1;0;0;0;1;0;1;0;1;1;1;1;0;0;0;0;14; ;0;3;2;3;3;3;-3,643;-2,219;-,467;-32,089;19;0;0
111;6/29/2021;R98;38;2;3;2004;1;1;2;16;13;Técnica em enfermagem;10;10;UDR;3;1;30;2;4;1;90;1;4;4;4;1;3;4;3;5;4;6;5;4;5;6;5;5;6;5;6;3;5; ; ; ; ; ; ; ;0;0;0;0;1;0;0;0;1;0;1;0;1;0;1;1;1;0;1;1;0;0;0;0;1;0;1;1;1;1;0;0;0;1;1;1;0;1;1;1;0;0;0;20;Respondeu errado ultimas 7 de MBI;0;2;2;4;3;3;-1,385;-,433;-,586;-37,572;47;1;0
112;6/30/2021;R99;38;2;4;2008;4;2;0;13;13;pediatra;9;,2;CCIH;3;2;24;5;1;2;0;1;5;1;1;5;1;1;1;1;1;1;1;1;1;2;1;2;5;1;5;0;0;6;6;6;1;0;0;6;0;0;0;0;0;0;0;0;0;0;0;0;0;0;0;0;0;1;0;0;0;1;0;0;1;0;1;1;0;0;1;1;0;1;0;0;0;0;0;0;0;0;0;8; ;0;2;2;3;3;1;-,695;-1,771;-1,583;-28,86;20;0;0
113;6/30/2021;R100;49;2;3;2011;2;2;1;25;9;Enfermeira;10;10;Enfermeira Penf 5;3;2;20;2;3;2;0;1;5;3;1;3;3;1;3;5;1;5;5;1;5;5;6;5;6;5;6;2;5;6;5;6;4;0;0;6;0;0;0;0;0;0;0;0;0;0;0;0;0;0;0;1;0;0;0;1;0;0;0;0;0;0;1;0;0;1;0;0;0;0;0;1;1;1;1;1;0;0;0;9; ;0;3;3;5;3;3;-2,284;-,169;-,237;-15,632;36;0;0
114;6/30/2021;R101;32;2;6;2012;4;1;1;6;11;Farmacêutica;3;3;Gestão da CAF do CHPB;1;1;40;3;2;2;0;2;5;3;3;5;3;3;5;4;3;3;5;3;3;2;0;1;4;1;5;1;1;5;5;5;5;1;0;5;0;0;0;0;0;0;0;0;0;0;0;0;0;0;0;0;0;1;0;0;0;1;0;0;0;0;1;0;1;0;1;0;0;1;1;1;0;1;1;0;0;1;0;11; ;0;3;2;2;2;2;,323;-,182;,44;10,31;45;1;1
115;6/30/2021;R102;35;2;5;2004;1;1;2;13;1;AUXILIAR ADMINISTRATIVO;7;7;AUXILIAR ADMINISTRATIVO;3;1;40;2;2;2;0;2;3;4;3;1;3;3;1;4;3;4;1;3;3;2;5;3;5;3;5;0;2;6;6;5;5;0;3;6;0;0;0;0;0;0;0;0;0;0;0;0;0;0;0;0;0;0;1;1;0;0;0;0;0;0;0;0;0;0;0;0;0;1;0;0;1;0;0;0;0;0;0;4; ;0;2;2;3;3;3;,054;-,259;-1,637;-13,059;33;0;0
116;6/30/2021;R103;35;2;3;2008;1;1;1;18;9;Tec enfermagem;9;9;unidade de emergência;3;1;40;2;2;1;15;2;3;4;1;1;3;1;3;4;1;4;2;1;5;5;5;1;6;5;6;2;2;6;6;2;1;0;0;6;0;0;0;0;0;0;0;0;0;0;1;1;0;0;0;0;0;1;0;1;0;0;0;0;0;0;0;0;0;1;0;0;0;0;0;0;1;0;0;0;1;0;0;7; ;0;2;2;4;3;3;-1,059;,144;-,597;-7,449;28;0;0
117;7/1/2021;R104;44;1;6;2004;4;1;0;28;9;PSICÓLOGO CLÍNICO;10;3;OUVIDORIA;3;2;30;3;1;1;5;2;1;1;1;5;1;1;5;1;1;1;5;1;3;3;5;0;6;3;6;0;0;6;6;5;0;0;0;6;0;0;0;0;0;0;1;0;0;0;0;0;0;0;0;0;0;0;0;0;0;0;0;0;0;0;1;0;1;0;0;0;1;1;0;1;0;1;1;1;0;0;0;9; ;0;2;3;6;3;2;,567;-,517;,898;14,568;24;0;1
118;7/1/2021;R105;60;1;4;1987;3;1;2;33;17;Médico;21;,6;Assesssoria;3;2;24;5;4;2;0;2;3;3;3;1;2;2;1;1;2;1;1;3;1;1;2;2;5;2;5;1;1;5;5;5;3;1;1;5;0;1;0;0;1;0;0;0;1;0;0;0;0;0;0;0;1;0;0;0;0;1;0;0;1;0;0;0;0;0;0;0;0;1;0;1;0;0;1;0;0;1;0;10; ;0;1;4;6;6;1;,625;-,963;-,949;-6,185;23;0;0
119;7/1/2021;R106;35;2;3;2008;4;1;0;28;20;Enfermeira;9;,1;DRG;3;1;40;3;2;1;60;2;5;5;1;5;3;1;5;4;1;5;5;1;5;5;5;3;6;5;5;0;0;5;6;5;0;4;4;5;0;0;0;0;0;1;1;0;0;0;1;0;0;0;0;0;0;1;0;0;0;1;0;0;1;1;0;1;1;0;0;1;0;0;0;0;0;1;0;0;0;0;0;11; ;0;2;2;6;3;1;-,705;,704;1,045;30,048;41;1;1
120;7/1/2021;R107;37;2;3;2010;2;1;2;21;11;Enfermeira;9;7;Enfermeira do material médico hospitalar;3;1;46;3;2;1;365;2;6;5;1;7;6;2;7;6;2;6;7;1;5;5;5;5;5;5;5;2;5;5;6;5;0;5;5;5;0;0;0;0;0;1;0;0;0;0;1;0;0;0;1;1;1;0;1;0;0;0;0;0;0;1;0;1;1;1;1;0;0;1;1;1;0;1;1;1;0;1;0;18; ;0;2;2;5;3;3;-2,871;-,144;1,092;8,946;56;1;1
121;7/1/2021;R108;36;2;5;2001;1;2;0;20;9;Auxiliar Administrativo;13;3;Gestão de Custos;3;1;40;2;2;1;5;2;5;5;3;3;3;3;5;5;3;5;3;3;3;5;4;5;5;5;6;2;5;6;4;3;5;1;1;6;0;0;0;0;1;0;0;0;0;0;1;0;0;1;0;1;1;0;0;0;0;0;0;0;1;0;0;1;0;1;1;0;0;1;0;0;0;0;1;1;0;0;0;12; ;0;2;2;4;4;2;,921;,964;,137;30,596;46;1;1
122;7/1/2021;R109;28;2;5;2012;2;1;0;6;11;Técnico em Farmácia;6;6;Farmácia;3;1;40;2;1;1;2;2;6;5;1;6;4;1;4;6;1;6;7;1;6;6;6;6;5;6;6;5;5;6;6;4;6;1;1;6;0;0;0;0;1;0;0;0;0;0;0;0;1;0;0;1;1;1;1;0;0;1;0;0;0;0;1;0;1;1;0;0;0;1;1;1;0;0;1;1;0;0;0;15; ;0;3;1;2;3;3;-1,332;1,049;1,134;42,783;48;1;1
123;7/1/2021;R110;33;2;5;2005;2;2;0;13;7;Advogada e Servidora Pública;13;12;Coordenadora da Gestão da Informação e Finanças;3;2;40;2;3;2;0;2;3;3;1;1;3;3;1;3;3;3;3;1;2;5;1;3;6;1;6;0;1;6;6;6;0;0;0;6;0;0;0;0;1;0;0;0;0;0;0;0;0;0;0;0;0;0;0;0;0;0;0;0;1;0;0;0;1;0;0;0;0;1;0;1;0;0;1;1;0;0;0;7; ;0;2;2;3;4;4;-6,917;-3,95;-2,439;-122,248;28;0;0
124;7/1/2021;R111;35;2;3;2012;2;2;0;7;13;Enfermeira;2,7;2,7;Supervisão;1;2;40;3;1;2;0;1;1;5;1;1;5;1;1;5;1;5;1;1;1;1;0;1;6;0;6;1;2;6;6;5;0;0;0;6;0;0;0;0;0;0;0;0;0;0;0;0;0;0;0;0;1;1;0;0;0;0;0;0;1;0;0;0;0;0;0;0;0;0;0;0;0;0;1;0;1;1;0;6; ;0;3;2;2;2;2;-,14;,876;-1,182;12,232;28;0;1
125;7/2/2021;R112;58;2;5;1980;1;1;2;44;6;Auxiliar Administrativo;27;27;Serviço Gestão de Pessoas- SGP;3;1;40;3;2;2;0;2;3;3;3;5;3;3;5;5;3;3;5;3;2;2;3;2;6;2;6;1;2;6;6;6;1;0;0;6;0;0;0;0;0;0;0;0;0;0;1;0;0;0;0;0;1;0;0;0;0;0;0;0;0;0;0;1;0;0;1;1;0;1;1;1;0;1;1;1;0;0;0;11; ;0;1;4;6;7;5;2,312;1,139;,74;57,01;44;1;1
126;7/2/2021;R113;34;1;5;2004;1;2;0;12;11;FUNCIONÁRIO PÚBLICO;12;,5;MANUTENÇÃO;3;1;40;2;2;2;0;2;5;7;2;3;7;2;3;7;2;7;3;2;5;6;6;6;5;6;6;5;5;6;4;3;5;2;2;6;0;0;0;0;0;0;0;0;0;0;0;0;0;0;0;1;0;1;0;0;0;0;0;0;0;0;0;0;1;1;0;0;0;1;1;1;0;1;1;1;1;0;0;11;Ano conclusão editado;0;2;2;3;4;1;-,896;1,198;-,341;21,602;50;1;1
127;7/2/2021;R114;39;2;5;1999;2;1;2;15;3;PUBLICITÁRIA;7;2;UPLOP;3;1;40;2;3;2;0;2;7;3;2;5;3;1;6;3;1;3;6;1;5;6;6;6;5;6;5;1;2;5;6;5;2;1;0;5;0;0;0;0;0;0;0;0;0;0;1;1;1;0;0;1;0;0;1;0;0;0;0;0;1;0;0;1;1;0;1;0;0;1;0;1;0;0;1;1;1;0;0;14; ;0;1;2;3;3;1;-1,449;-,353;,971;11,823;41;1;1
128;7/5/2021;R115;999;2;6;2007;1;1;1;14;1;AGAS;9;9;Provimento;3;1;40;2;2;2;0;2;5;1;1;5;2;1;3;2;1;1;6;1;5;6;5;3;5;5;6;0;1;6;6;6;5;0;0;6;0;0;0;0;0;0;0;0;0;0;0;0;0;0;0;0;0;0;0;0;0;0;0;0;0;0;1;0;0;0;0;0;0;0;0;0;0;0;0;0;0;0;0;1;Idade inválida;0;2;999;3;3;3;-2,909;-2,107;,091;-22,549;29;0;0
129;7/5/2021;R116;46;2;5;2000;1;2;0;29;7;Auxiliar Administrativo;11;4;Direção;3;1;40;2;2;1;3;2;3;5;1;3;3;1;3;5;3;5;1;1;3;3;3;4;6;3;6;0;0;6;6;5;0;0;0;6;0;0;1;0;0;0;0;0;1;0;1;0;1;0;0;1;1;0;1;1;0;0;0;0;0;0;0;1;1;0;0;1;0;1;1;1;1;1;1;1;0;0;0;18; ;0;1;3;6;4;2;-8,968;-4,549;-3,015;-165,84;34;0;0
130;7/6/2021;R117;33;2;4;2012;3;1;1;7;13;Médica pediatra;7;4;Sala de decisao clínica;3;2;40;6;1;2;0;1;2;1;3;1;1;2;5;1;2;1;1;6;2;3;3;3;5;2;5;0;2;5;5;4;5;0;0;5;0;0;0;0;0;0;0;0;0;0;0;1;0;1;0;0;0;0;0;0;0;0;0;0;0;0;0;1;0;1;0;0;0;0;0;1;0;1;1;0;1;1;0;9; ;0;3;2;2;3;2;5,266;,536;1,168;81,114;26;0;1
131;7/6/2021;R118;43;2;5;2006;1;1;1;25;2;TÉCNICA DE FARMÁCIA;13;13;FARMÁCIA;3;1;40;2;5;1;30;2;5;7;3;5;6;3;5;7;3;7;5;3;5;1;5;6;5;1;5;6;6;5;5;4;1;0;1;6;0;0;0;0;0;0;1;0;1;0;0;0;0;0;1;1;0;0;1;1;0;0;0;0;1;0;0;0;1;0;1;0;0;1;1;1;1;1;1;1;0;0;0;16; ;0;2;3;5;4;4;,984;1,983;,901;83,369;59;1;1
132;6/30/2021;R119;45;1;5;2008;1;1;3;26;2;Técnico em Informática;12;12;Tecnologia da informação;3;1;40;2;3;2;0;2;6;6;3;4;5;3;4;5;2;5;4;2;4;5;5;3;5;3;5;3;3;3;3;3;3;4;0;6;0;0;0;0;0;0;0;0;1;0;0;0;0;0;0;1;0;0;0;1;0;1;0;0;0;0;0;0;1;0;1;0;0;1;0;0;0;1;0;0;0;1;1;10; ;0;2;3;6;4;4;3,61;3,087;,982;118,603;49;1;1
133;7/7/2021;R120;51;2;6;1994;4;2;1;36;17;Psicóloga;10;,6;Gerência Assistencial;3;1;40;4;3;1;20;2;6;2;1;5;2;1;5;3;1;2;5;1;3;4;4;5;5;5;6;0;1;5;6;5;4;0;0;5;0;0;0;0;0;1;0;0;0;0;0;0;0;0;1;1;1;0;0;0;0;1;0;0;0;0;0;1;1;0;1;1;0;1;0;1;0;0;1;0;1;0;0;13; ;0;1;4;6;3;1;-1,6;-,887;,499;-3,904;34;0;0
134;7/7/2021;R121;60;2;4;1985;4;2;1;41;17;Médica;35;1;Assessora da Gerência Assistencial do IRS;3;2;24;7;1;1;10;2;5;3;1;5;3;1;5;3;1;2;5;1;1;2;1;2;5;1;6;0;0;6;6;5;2;0;0;5;0;0;0;0;0;1;0;0;0;0;0;0;0;0;0;0;0;0;0;0;0;0;0;0;0;0;0;0;1;0;1;0;0;1;0;1;0;0;1;1;0;0;0;7; ;0;1;4;6;8;1;-1,357;-,626;,774;3,166;35;0;0
136;7/12/2021;R122;45;2;6;2002;2;1;0;21;9;servidor público estadual;8;99;Coordenação de Gestão de Pessoas;3;1;10;2;4;2;0;2;4;4;3;2;5;3;1;4;2;4;2;3;2;3;1;4;6;1;3;0;2;6;6;1;3;1;1;0;0;0;0;0;0;1;0;0;0;0;1;0;0;0;0;1;0;1;0;1;0;1;0;0;0;0;0;0;0;0;1;0;0;1;1;0;1;1;1;0;0;0;0;12; ;0;2;3;5;3;99;3,741;1,967;-,36;71,35;37;1;1
137;7/15/2021;R123;32;2;5;9999;1;2;0;15;1;Auxiliar Administrativo;4,5;4,5;NEGFT;1;1;40;1;2;2;0;2;3;5;3;3;5;3;3;5;3;5;3;3;1;1;3;1;5;2;5;2;5;6;5;3;5;0;2;4;0;0;1;0;0;0;0;0;0;0;0;0;0;0;0;1;0;0;1;0;0;0;0;0;0;0;0;0;1;0;0;0;0;1;0;1;0;1;0;1;0;0;0;8;AnosFhemig e AnosPostoAtual: 4,5 ou 4 ano e 5 meses;0;9999;2;3;2;2;,476;,511;-,444;10,604;44;1;1
139;7/26/2021;R124;42;2;6;2010;2;1;1;18;8;SERVIÇO SOCIAL E TECNICO EM ENFERMAGEM;17;9;UNIDADE DE CUIDADOS AO ADULTO/ REABILITAÇÃO/ATENÇÃO DOMICILIAR;3;1;70;4;2;1;5;1;5;4;3;4;3;3;5;3;3;3;4;3;6;5;5;6;5;6;5;0;6;5;2;3;5;5;5;5;0;0;0;0;0;0;0;0;0;0;1;0;0;0;0;0;0;0;0;1;1;1;0;0;0;0;0;1;1;0;1;0;0;0;1;1;0;1;1;1;1;0;0;13;AnosPostoAtual: 2 ocupações atualmente com diferentes anos.;0;2;3;4;5;3;-,339;-,622;,316;-6,466;43;1;0
140;7/28/2021;R125;49;2;6;1997;2;1;1;23;17;Farmacêutica;23;17;Farmácia;3;2;30;2;1;2;0;2;5;4;3;4;4;3;5;4;3;4;5;3;5;5;5;1;4;5;5;2;5;6;6;4;5;0;0;6;0;0;0;0;0;0;0;0;0;0;0;0;0;0;0;0;0;0;0;0;0;0;0;0;0;0;0;0;0;0;0;0;0;0;0;1;0;1;1;0;0;0;0;3; ;0;1;3;5;6;4;-,903;-,512;,354;-12,302;47;1;0
141;8/2/2021;R126;45;2;3;2002;1;1;2;32;13;Técnico em enfermagem;11;6;Farmácia;3;1;30x60;2;5;1;360;2;7;3;1;7;3;1;7;3;1;3;7;1;6;6;6;6;5;6;5;0;0;6;6;5;5;0;0;5;0;0;0;0;1;1;0;0;0;0;1;0;1;0;0;1;1;0;0;1;0;0;0;1;1;0;0;1;0;0;0;0;0;1;1;1;0;1;0;0;0;0;1;15; ;0;2;3;6;4;3;-1,981;-,735;1,647;29,372;44;1;1
143;8/9/2021;R127;47;2;3;2001;2;1;1;20;13;Enfermeira;18;7;Núcleo de Riscos;3;2;20;2;5;2;0;1;5;1;1;3;3;1;1;1;1;1;1;1;5;5;6;6;5;5;6;0;2;6;6;5;0;0;0;6;0;0;0;0;0;0;0;0;0;0;0;0;0;0;1;1;1;0;1;1;0;0;0;0;0;0;0;1;1;0;1;1;0;1;0;1;1;1;1;1;1;0;0;16; ;0;2;3;4;5;3;-3,209;-3,08;-2,088;-52,196;20;0;0
2144;9/24/2021;R128;56;2;3;2008;1;1;3;22;20;Técnica de enfermagem;10;10;CTI adulto;3;1;40.0;3;3;2;0;1;5;3;2;3;3;2;3;3;3;3;4;3;3;3;1;1;5;3;6;0;1;6;6;5;5;0;0;6;0;0;0;0;0;0;0;0;0;0;0;0;0;0;0;0;0;0;0;0;0;0;1;0;0;0;0;0;0;0;0;0;0;0;0;0;0;1;0;0;1;0;0;3; ;0;2;4;5;3;3;-6,766;-4,448;-1,337;-141,091;37;1;0
2145;9/24/2021;R129;49;2;4;1996;3;1;2;25;14;Médica;13;1;Coordenação médica da unidade de emergência;3;2;30.0;5;2;2;0;1;5;6;3;5;3;3;6;6;3;6;6;3;5;5;3;4;5;5;6;5;6;6;6;4;6;0;0;5;0;0;0;0;0;0;0;0;0;0;0;0;0;0;0;1;0;1;1;0;0;1;0;0;0;0;0;0;1;1;1;0;0;1;0;1;0;1;1;1;1;1;0;14; ;0;1;3;5;4;1;1,59;2,101;1,592;98,225;55;1;1
2146;9/24/2021;R130;38;2;6;2008;4;2;0;13;16;Farmacêutica;8;13;Farmácia;3;1;40.0;3;2;2;0;2;5;4;4;4;2;4;7;4;4;6;5;5;5;5;5;5;5;5;6;1;3;6;6;5;5;0;1;5;0;0;0;0;0;0;0;0;0;0;0;0;0;0;1;1;0;0;0;0;0;0;0;0;0;0;0;0;1;0;1;0;0;0;0;1;0;1;1;1;1;1;0;10; ;0;2;2;3;3;4;1,928;,746;1,228;70,5;54;1;1
2147;9/24/2021;R131;40;2;6;2004;2;1;2;14;14;Fisioterapeuta;9;9;UtiNeonatal;3;1;30.0;3;2;2;0;1;5;3;3;5;5;3;4;3;3;2;4;5;2;3;2;3;6;2;6;1;1;6;6;5;2;1;1;5;0;0;0;0;0;0;1;0;0;0;1;0;0;0;0;0;0;0;1;0;0;0;0;0;0;1;0;0;0;0;0;0;0;1;1;1;0;0;1;0;0;1;0;9; ;0;2;2;3;3;3;,704;-1,143;,657;6,823;45;1;1
2148;9/24/2021;R132;37;2;4;2008;3;1;0;13;16;Anestesiologista;7;13;Anestesiologista;3;1;86.0;9;1;1;10;1;6;5;5;6;5;5;6;4;5;5;6;5;5;5;4;5;2;5;1;5;5;3;3;2;5;1;1;5;0;0;0;0;0;1;0;0;0;0;1;0;0;0;1;0;0;0;0;0;0;0;0;0;0;0;0;1;1;1;1;0;0;1;0;1;0;1;1;1;1;0;0;13; ;0;2;2;3;3;4;,114;-,581;,725;8,641;63;1;1
2149;9/25/2021;R133;36;2;6;2010;4;1;1;8;9;Farmacêutica Bioquímica;8;8;Laboratório;3;1;30.0;3;2;2;0;2;3;5;3;3;3;3;3;5;3;5;3;5;2;3;1;3;3;1;6;0;1;6;6;6;6;0;0;6;0;0;0;0;1;1;0;0;0;0;1;0;0;0;0;0;0;0;0;0;0;0;0;0;0;0;0;0;1;0;0;0;0;1;0;0;0;1;1;1;0;0;0;8; ;0;2;2;2;3;3;3,387;1,71;,78;87,558;44;1;1
2150;9/25/2021;R134;40;2;6;2010;2;1;2;21;13;Farmacêutica;8;,08;Centro de Distribuição de Amostras- Laboratório;3;1;45.0;3;1;1;8;2;3;5;1;3;5;1;3;6;1;5;3;1;3;5;5;5;5;4;5;2;4;5;5;5;0;0;0;5;0;0;0;0;0;0;0;1;0;0;1;0;0;0;1;1;0;1;1;0;0;1;0;0;0;0;0;1;1;0;1;0;0;1;0;1;0;0;0;1;1;0;0;14; ;0;2;2;5;3;1;,127;1,41;-,101;28,906;37;1;1
2151;9/26/2021;R135;39;2;3;2009;1;1;2;19;18;Técnica em enfermagem;7;1,4;Fluxista;3;1;46.0;2;5;2;0;1;7;5;3;7;4;1;5;5;1;5;5;2;6;6;6;6;5;6;6;1;2;5;5;5;0;0;0;5;0;0;0;0;0;0;0;0;0;0;1;0;0;0;0;1;0;1;0;0;0;1;0;0;1;0;1;1;1;1;1;0;0;1;0;1;0;1;0;1;0;0;0;14; ;0;2;2;4;3;1;3,738;2,979;1,549;119,943;50;1;1
2152;9/27/2021;R136;36;1;5;2008;2;1;1;18;11;SERVIDOR PÚBLICO;12;1;COORDENAÇÃO - UNIDADE DE APOIO AO DIAGNÓSTICO TERAPÊUTICO;3;1;40.0;2;5;2;0;1;5;3;2;6;3;2;5;3;2;3;5;2;5;5;5;5;5;5;5;3;4;6;6;5;1;0;0;6;0;0;0;0;1;0;1;0;0;0;0;1;1;1;1;1;0;1;1;1;0;1;0;1;0;1;1;1;1;0;1;0;0;1;1;1;1;1;1;1;0;0;1;25; ;0;2;2;4;4;1;-,268;-,445;,615;5,431;41;1;1
2153;9/27/2021;R137;48;2;6;1995;2;2;2;29;18;Fonoaudióloga;29;1,5;Secretaria do 9° andar;3;2;30.0;3;2;2;0;1;3;5;3;3;5;3;3;5;3;5;3;3;1;0;3;5;6;2;6;0;1;6;6;5;2;1;1;6;0;0;1;0;0;0;0;0;0;0;0;0;0;0;0;1;0;1;0;0;0;0;0;0;0;0;0;0;1;0;0;0;0;0;1;1;0;1;1;0;0;1;0;9; ;0;1;3;6;7;1;,476;,511;-,444;10,604;44;1;1
2154;9/27/2021;R138;42;1;3;2006;2;1;1;25;18;Enfermeiro;10;1;ASSESSOR DIRETORIA DE ENFERMAGEM CHU;3;1;40.0;3;2;2;0;2;5;3;2;5;3;2;5;3;2;3;5;2;5;5;5;3;6;5;6;0;0;6;6;6;6;0;0;6;0;0;0;0;1;0;0;0;0;0;1;0;0;0;0;1;0;0;0;1;0;1;0;0;0;0;0;1;1;0;0;1;0;1;1;1;0;1;0;0;1;0;0;13; ;0;2;3;5;3;1;-,963;-,726;,503;-6,356;40;1;0
2155;9/27/2021;R139;47;1;5;1999;1;1;1;27;11;gerente;27;2;gerente;3;1;40.0;3;2;2;0;2;3;1;3;3;3;3;5;3;3;3;3;3;5;4;5;4;6;4;6;3;1;6;6;6;3;0;1;6;0;0;0;0;0;0;0;0;0;0;0;0;0;0;0;0;0;0;0;0;0;0;0;0;0;0;0;0;0;0;0;0;0;0;0;0;0;0;0;0;0;0;0;0; ;0;1;3;6;7;1;,263;-,962;-,719;-16,53;36;0;0
2156;9/26/2021;R140;37;2;6;2005;2;1;2;15;14;Fonoaudióloga;9;9;HJK - EMTN;3;1;20.0;3;3;2;0;1;5;5;3;5;3;3;5;5;3;5;5;3;6;6;6;3;0;6;6;3;3;6;6;5;6;0;0;6;0;0;0;0;0;0;1;0;0;0;0;1;0;1;0;1;0;0;0;0;0;0;0;0;0;0;0;1;1;1;1;0;0;1;0;1;0;1;1;1;0;0;0;13; ;0;2;2;3;3;3;1,126;1,13;,846;50,772;50;1;1
2157;9/29/2021;R141;41;1;3;2011;1;1;2;12;18;Tecnico em Enfermagem;9;9;Ambulatorio;3;1;30.0;2;5;1;30;1;5;5;1;3;2;1;1;5;1;5;1;2;6;5;3;3;6;3;6;6;5;6;6;6;3;0;0;6;0;0;0;0;1;1;0;0;0;0;1;1;1;0;1;1;0;0;0;1;1;1;1;0;1;0;1;0;1;0;0;0;0;0;1;0;1;0;0;0;0;0;0;16; ;0;3;3;3;3;3;1,334;1,468;-,52;26,426;32;0;1
2158;10/1/2021;R142;34;2;3;2010;2;1;2;12;18;Técnico de enfermagem;9;9;Emergência;3;1;30.0;1;4;2;0;1;5;1;1;5;4;1;4;1;1;1;5;1;5;6;5;5;5;5;6;0;5;6;5;6;5;0;0;5;0;0;0;0;0;0;0;0;1;0;1;1;1;1;1;1;0;0;1;1;1;0;0;0;0;1;0;0;1;0;1;0;0;1;0;0;1;1;0;1;0;0;1;18; ;0;2;2;3;3;3;-3,897;-3,137;-,244;-42,183;30;0;0
2159;10/4/2021;R143;38;2;3;2003;1;1;2;15;18;Técnico de enfermagem;7;7;Clínica médica 6 andar;3;1;30.0;2;5;1;11;1;5;7;2;6;7;1;7;7;1;7;7;1;6;5;5;5;5;5;5;0;5;6;5;5;6;0;0;5;0;0;0;0;1;0;0;0;0;0;1;0;1;0;1;1;0;0;1;1;1;0;0;1;0;0;0;0;1;1;1;0;0;1;1;1;1;1;1;1;0;0;0;19; ;0;2;2;3;3;3;1,025;3,024;2,209;145,022;58;1;1
